SectionID,SectionName,RoadID,RoadName,RoadClass,RoadDirection,RoadSection,SectionLength,SectionMile,SpeedLimit
0001,國道1號(基隆端到基隆交流道),000010,國道1號,0,S,"
				",1.1,"
				",100
0003,國道1號(基隆交流道到八堵交流道),000010,國道1號,0,S,"
				",1.5,"
				",100
0005,國道1號(八堵交流道到大華系統交流道),000010,國道1號,0,S,"
				",2.4,"
				",100
0419,國道1號(大華系統交流道到五堵交流道),000010,國道1號,0,S,"
				",1.8,"
				",100
0007,國道1號(五堵交流道到汐止交流道),000010,國道1號,0,S,"
				",3.7,"
				",100
0011,國道1號(汐止交流道到汐止系統交流道),000010,國道1號,0,S,"
				",1,"
				",100
0013,國道1號(汐止系統交流道到高架汐止端),000010,國道1號,0,S,"
				",2.5,"
				",100
0015,國道1號(高架汐止端到東湖交流道),000010,國道1號,0,S,"
				",1.2,"
				",100
0017,國道1號(東湖交流道到內湖交流道),000010,國道1號,0,S,"
				",1.6,"
				",100
0019,國道1號(內湖交流道到圓山交流道),000010,國道1號,0,S,"
				",6.4,"
				",100
0021,國道1號(圓山交流道到台北交流道),000010,國道1號,0,S,"
				",1.9,"
				",100
0023,國道1號(台北交流道到三重交流道),000010,國道1號,0,S,"
				",2,"
				",100
0025,國道1號(三重交流道到五股轉接道交流道),000010,國道1號,0,S,"
				",5,"
				",100
0027,國道1號(五股轉接道交流道到五股交流道),000010,國道1號,0,S,"
				",1,"
				",100
0029,國道1號(五股交流道到高公局交流道),000010,國道1號,0,S,"
				",1.2,"
				",100
0031,國道1號(高公局交流道到泰山轉接道交流道),000010,國道1號,0,S,"
				",1.7,"
				",100
0425,國道1號(泰山轉接道交流道到林口交流道),000010,國道1號,0,S,"
				",5.5,"
				",100
0033,國道1號(林口交流道到桃園交流道),000010,國道1號,0,S,"
				",7.6,"
				",100
0035,國道1號(桃園交流道到機場系統交流道),000010,國道1號,0,S,"
				",3.4,"
				",100
0037,國道1號(機場系統交流道到中壢服務區),000010,國道1號,0,S,"
				",2.6,"
				",100
0039,國道1號(中壢服務區到內壢交流道),000010,國道1號,0,S,"
				",1.9,"
				",100
0041,國道1號(內壢交流道到中壢轉接一交流道),000010,國道1號,0,S,"
				",1.65,"
				",100
0427,國道1號(中壢轉接一交流道到中壢轉接二交流道),000010,國道1號,0,S,"
				",1.65,"
				",100
0429,國道1號(中壢轉接二交流道到中壢交流道),000010,國道1號,0,S,"
				",2.1,"
				",100
0043,國道1號(中壢交流道到平鎮系統交流道),000010,國道1號,0,S,"
				",2.6,"
				",100
0045,國道1號(平鎮系統交流道到幼獅交流道),000010,國道1號,0,S,"
				",2.3,"
				",100
0047,國道1號(幼獅交流道到楊梅交流道),000010,國道1號,0,S,"
				",1.9,"
				",100
0049,國道1號(楊梅交流道到高架楊梅端),000010,國道1號,0,S,"
				",1.8,"
				",100
0431,國道1號(高架楊梅端到湖口交流道),000010,國道1號,0,S,"
				",12.8,"
				",100
0053,國道1號(湖口交流道到湖口服務區),000010,國道1號,0,S,"
				",2.7,"
				",100
0055,國道1號(湖口服務區到竹北交流道),000010,國道1號,0,S,"
				",4.5,"
				",100
0057,國道1號(竹北交流道到新竹交流道),000010,國道1號,0,S,"
				",4.4,"
				",100
0059,國道1號(新竹交流道到新竹系統交流道),000010,國道1號,0,S,"
				",4,"
				",100
0061,國道1號(新竹系統交流道到頭份交流道),000010,國道1號,0,S,"
				",11,"
				",100
0063,國道1號(頭份交流道到頭屋交流道),000010,國道1號,0,S,"
				",15.8,"
				",100
0445,國道1號(頭屋交流道到苗栗交流道),000010,國道1號,0,S,"
				",6.6,"
				",100
0067,國道1號(苗栗交流道到銅鑼交流道),000010,國道1號,0,S,"
				",7.28,"
				",100
0443,國道1號(銅鑼交流道到三義交流道),000010,國道1號,0,S,"
				",10.12,"
				",100
0069,國道1號(三義交流道到泰安服務區),000010,國道1號,0,S,"
				",9.3,"
				",110
0071,國道1號(泰安服務區到后里交流道),000010,國道1號,0,S,"
				",1.1,"
				",110
0073,國道1號(后里交流道到台中系統交流道),000010,國道1號,0,S,"
				",4.9,"
				",110
0077,國道1號(台中系統交流道到豐原交流道),000010,國道1號,0,S,"
				",2.6,"
				",110
0079,國道1號(豐原交流道到大雅交流道),000010,國道1號,0,S,"
				",6.1,"
				",110
0081,國道1號(大雅交流道到台中交流道),000010,國道1號,0,S,"
				",4.4,"
				",110
0083,國道1號(台中交流道到南屯交流道),000010,國道1號,0,S,"
				",2.8,"
				",110
0085,國道1號(南屯交流道到王田交流道),000010,國道1號,0,S,"
				",8,"
				",110
0087,國道1號(王田交流道到彰化系統交流道),000010,國道1號,0,S,"
				",3.4,"
				",110
0089,國道1號(彰化系統交流道到彰化交流道),000010,國道1號,0,S,"
				",5.6,"
				",110
0091,國道1號(彰化交流道到埔鹽系統交流道),000010,國道1號,0,S,"
				",9.3,"
				",110
0093,國道1號(埔鹽系統交流道到員林交流道),000010,國道1號,0,S,"
				",3.3,"
				",110
0095,國道1號(員林交流道到北斗交流道),000010,國道1號,0,S,"
				",9.1,"
				",110
0099,國道1號(北斗交流道到西螺服務區),000010,國道1號,0,S,"
				",8.7,"
				",110
0101,國道1號(西螺服務區到西螺交流道),000010,國道1號,0,S,"
				",1.7,"
				",110
0103,國道1號(西螺交流道到虎尾交流道),000010,國道1號,0,S,"
				",5.5,"
				",110
0423,國道1號(虎尾交流道到斗南交流道),000010,國道1號,0,S,"
				",4.6,"
				",110
0105,國道1號(斗南交流道到雲林系統交流道),000010,國道1號,0,S,"
				",3.2,"
				",110
0107,國道1號(雲林系統交流道到大林交流道),000010,國道1號,0,S,"
				",6.5,"
				",110
0111,國道1號(大林交流道到民雄交流道),000010,國道1號,0,S,"
				",6.9,"
				",110
0421,國道1號(民雄交流道到嘉義交流道),000010,國道1號,0,S,"
				",7.1,"
				",110
0113,國道1號(嘉義交流道到水上交流道),000010,國道1號,0,S,"
				",6.1,"
				",110
0115,國道1號(水上交流道到嘉義系統交流道),000010,國道1號,0,S,"
				",2.5,"
				",110
0117,國道1號(嘉義系統交流道到新營服務區),000010,國道1號,0,S,"
				",11.3,"
				",110
0121,國道1號(新營服務區到新營交流道),000010,國道1號,0,S,"
				",4.2,"
				",110
0123,國道1號(新營交流道到下營系統交流道),000010,國道1號,0,S,"
				",11.17,"
				",110
0415,國道1號(下營系統交流道到麻豆交流道),000010,國道1號,0,S,"
				",4.13,"
				",110
0125,國道1號(麻豆交流道到安定交流道),000010,國道1號,0,S,"
				",7.4,"
				",110
0127,國道1號(安定交流道到台南系統交流道),000010,國道1號,0,S,"
				",4.4,"
				",110
0131,國道1號(台南系統交流道到永康交流道),000010,國道1號,0,S,"
				",4.1,"
				",110
0133,國道1號(永康交流道到大灣交流道),000010,國道1號,0,S,"
				",4.88,"
				",110
0467,國道1號(大灣交流道到仁德交流道),000010,國道1號,0,S,"
				",2.92,"
				",110
0135,國道1號(仁德交流道到仁德系統交流道),000010,國道1號,0,S,"
				",3.3,"
				",110
0137,國道1號(仁德系統交流道到仁德服務區),000010,國道1號,0,S,"
				",4.4,"
				",110
0139,國道1號(仁德服務區到路竹交流道),000010,國道1號,0,S,"
				",3.2,"
				",110
0141,國道1號(路竹交流道到高科交流道),000010,國道1號,0,S,"
				",4,"
				",110
0413,國道1號(高科交流道到岡山交流道),000010,國道1號,0,S,"
				",7.1,"
				",110
0145,國道1號(岡山交流道到楠梓交流道),000010,國道1號,0,S,"
				",6.8,"
				",100
0147,國道1號(楠梓交流道到鼎金系統交流道),000010,國道1號,0,S,"
				",6.2,"
				",100
0149,國道1號(鼎金系統交流道到高雄交流道),000010,國道1號,0,S,"
				",5,"
				",100
0151,國道1號(高雄交流道到瑞隆路交流道),000010,國道1號,0,S,"
				",2.2,"
				",100
0153,國道1號(瑞隆路交流道到五甲系統交流道),000010,國道1號,0,S,"
				",0.8,"
				",100
0155,國道1號(五甲系統交流道到五甲交流道),000010,國道1號,0,S,"
				",1.4,"
				",80
0157,國道1號(五甲交流道到中山四路交流道),000010,國道1號,0,S,"
				",1,"
				",80
0455,國道1號(中山四路交流道到漁港路交流道),000010,國道1號,0,S,"
				",0.2,"
				",60
0457,國道1號(漁港路交流道到高雄端),000010,國道1號,0,S,"
				",1.4,"
				",60
0002,國道1號(基隆交流道到基隆端),000010,國道1號,0,N,"
				",1.1,"
				",100
0004,國道1號(八堵交流道到基隆交流道),000010,國道1號,0,N,"
				",1.5,"
				",100
0006,國道1號(大華系統交流道到八堵交流道),000010,國道1號,0,N,"
				",2.4,"
				",100
0420,國道1號(五堵交流道到大華系統交流道),000010,國道1號,0,N,"
				",1.8,"
				",100
0008,國道1號(汐止交流道到五堵交流道),000010,國道1號,0,N,"
				",3.7,"
				",100
0012,國道1號(汐止系統交流道到汐止交流道),000010,國道1號,0,N,"
				",1,"
				",100
0014,國道1號(高架汐止端到汐止系統交流道),000010,國道1號,0,N,"
				",2.5,"
				",100
0016,國道1號(東湖交流道到高架汐止端),000010,國道1號,0,N,"
				",1.2,"
				",100
0018,國道1號(內湖交流道到東湖交流道),000010,國道1號,0,N,"
				",1.6,"
				",100
0020,國道1號(圓山交流道到內湖交流道),000010,國道1號,0,N,"
				",6.4,"
				",100
0022,國道1號(台北交流道到圓山交流道),000010,國道1號,0,N,"
				",1.9,"
				",100
0024,國道1號(三重交流道到台北交流道),000010,國道1號,0,N,"
				",2,"
				",100
0026,國道1號(五股轉接道交流道到三重交流道),000010,國道1號,0,N,"
				",5,"
				",100
0028,國道1號(五股交流道到五股轉接道交流道),000010,國道1號,0,N,"
				",1,"
				",100
0030,國道1號(高公局交流道到五股交流道),000010,國道1號,0,N,"
				",1.2,"
				",100
0032,國道1號(泰山轉接道交流道到高公局交流道),000010,國道1號,0,N,"
				",1.7,"
				",100
0426,國道1號(林口交流道到泰山轉接道交流道),000010,國道1號,0,N,"
				",5.5,"
				",100
0034,國道1號(桃園交流道到林口交流道),000010,國道1號,0,N,"
				",7.6,"
				",100
0036,國道1號(機場系統交流道到桃園交流道),000010,國道1號,0,N,"
				",3.4,"
				",100
0038,國道1號(中壢服務區到機場系統交流道),000010,國道1號,0,N,"
				",2.6,"
				",100
0040,國道1號(內壢交流道到中壢服務區),000010,國道1號,0,N,"
				",1.9,"
				",100
0042,國道1號(中壢轉接一交流道到內壢交流道),000010,國道1號,0,N,"
				",1.65,"
				",100
0428,國道1號(中壢轉接二交流道到中壢轉接一交流道),000010,國道1號,0,N,"
				",1.65,"
				",100
0430,國道1號(中壢交流道到中壢轉接二交流道),000010,國道1號,0,N,"
				",2.1,"
				",100
0044,國道1號(平鎮系統交流道到中壢交流道),000010,國道1號,0,N,"
				",2.6,"
				",100
0046,國道1號(幼獅交流道到平鎮系統交流道),000010,國道1號,0,N,"
				",2.3,"
				",100
0048,國道1號(楊梅交流道到幼獅交流道),000010,國道1號,0,N,"
				",1.9,"
				",100
0050,國道1號(高架楊梅端到楊梅交流道),000010,國道1號,0,N,"
				",1.8,"
				",100
0432,國道1號(湖口交流道到高架楊梅端),000010,國道1號,0,N,"
				",12.8,"
				",100
0054,國道1號(湖口服務區到湖口交流道),000010,國道1號,0,N,"
				",2.7,"
				",100
0056,國道1號(竹北交流道到湖口服務區),000010,國道1號,0,N,"
				",4.5,"
				",100
0058,國道1號(新竹交流道到竹北交流道),000010,國道1號,0,N,"
				",4.4,"
				",100
0060,國道1號(新竹系統交流道到新竹交流道),000010,國道1號,0,N,"
				",4,"
				",100
0062,國道1號(頭份交流道到新竹系統交流道),000010,國道1號,0,N,"
				",11,"
				",100
0064,國道1號(頭屋交流道到頭份交流道),000010,國道1號,0,N,"
				",15.8,"
				",100
0446,國道1號(苗栗交流道到頭屋交流道),000010,國道1號,0,N,"
				",6.6,"
				",100
0068,國道1號(銅鑼交流道到苗栗交流道),000010,國道1號,0,N,"
				",7.28,"
				",100
0444,國道1號(三義交流道到銅鑼交流道),000010,國道1號,0,N,"
				",10.12,"
				",100
0070,國道1號(泰安服務區到三義交流道),000010,國道1號,0,N,"
				",9.3,"
				",100
0072,國道1號(后里交流道到泰安服務區),000010,國道1號,0,N,"
				",1.1,"
				",110
0074,國道1號(台中系統交流道到后里交流道),000010,國道1號,0,N,"
				",4.9,"
				",110
0078,國道1號(豐原交流道到台中系統交流道),000010,國道1號,0,N,"
				",2.6,"
				",110
0080,國道1號(大雅交流道到豐原交流道),000010,國道1號,0,N,"
				",6.1,"
				",110
0082,國道1號(台中交流道到大雅交流道),000010,國道1號,0,N,"
				",4.4,"
				",110
0084,國道1號(南屯交流道到台中交流道),000010,國道1號,0,N,"
				",2.8,"
				",110
0086,國道1號(王田交流道到南屯交流道),000010,國道1號,0,N,"
				",8,"
				",110
0088,國道1號(彰化系統交流道到王田交流道),000010,國道1號,0,N,"
				",3.4,"
				",110
0090,國道1號(彰化交流道到彰化系統交流道),000010,國道1號,0,N,"
				",5.6,"
				",110
0092,國道1號(埔鹽系統交流道到彰化交流道),000010,國道1號,0,N,"
				",9.3,"
				",110
0094,國道1號(員林交流道到埔鹽系統交流道),000010,國道1號,0,N,"
				",3.3,"
				",110
0096,國道1號(北斗交流道到員林交流道),000010,國道1號,0,N,"
				",9.1,"
				",110
0100,國道1號(西螺服務區到北斗交流道),000010,國道1號,0,N,"
				",8.7,"
				",110
0102,國道1號(西螺交流道到西螺服務區),000010,國道1號,0,N,"
				",1.7,"
				",110
0104,國道1號(虎尾交流道到西螺交流道),000010,國道1號,0,N,"
				",5.5,"
				",110
0424,國道1號(斗南交流道到虎尾交流道),000010,國道1號,0,N,"
				",4.6,"
				",110
0106,國道1號(雲林系統交流道到斗南交流道),000010,國道1號,0,N,"
				",3.2,"
				",110
0108,國道1號(大林交流道到雲林系統交流道),000010,國道1號,0,N,"
				",6.5,"
				",110
0112,國道1號(民雄交流道到大林交流道),000010,國道1號,0,N,"
				",6.9,"
				",110
0422,國道1號(嘉義交流道到民雄交流道),000010,國道1號,0,N,"
				",7.1,"
				",110
0114,國道1號(水上交流道到嘉義交流道),000010,國道1號,0,N,"
				",6.1,"
				",110
0116,國道1號(嘉義系統交流道到水上交流道),000010,國道1號,0,N,"
				",2.5,"
				",110
0118,國道1號(新營服務區到嘉義系統交流道),000010,國道1號,0,N,"
				",11.3,"
				",110
0122,國道1號(新營交流道到新營服務區),000010,國道1號,0,N,"
				",4.2,"
				",110
0124,國道1號(下營系統交流道到新營交流道),000010,國道1號,0,N,"
				",11.17,"
				",110
0416,國道1號(麻豆交流道到下營系統交流道),000010,國道1號,0,N,"
				",4.13,"
				",110
0126,國道1號(安定交流道到麻豆交流道),000010,國道1號,0,N,"
				",7.4,"
				",110
0128,國道1號(台南系統交流道到安定交流道),000010,國道1號,0,N,"
				",4.4,"
				",110
0132,國道1號(永康交流道到台南系統交流道),000010,國道1號,0,N,"
				",4.1,"
				",110
0134,國道1號(大灣交流道到永康交流道),000010,國道1號,0,N,"
				",4.88,"
				",110
0468,國道1號(仁德交流道到大灣交流道),000010,國道1號,0,N,"
				",2.92,"
				",110
0136,國道1號(仁德系統交流道到仁德交流道),000010,國道1號,0,N,"
				",3.3,"
				",110
0138,國道1號(仁德服務區到仁德系統交流道),000010,國道1號,0,N,"
				",4.4,"
				",110
0140,國道1號(路竹交流道到仁德服務區),000010,國道1號,0,N,"
				",3.2,"
				",110
0142,國道1號(高科交流道到路竹交流道),000010,國道1號,0,N,"
				",4,"
				",110
0414,國道1號(岡山交流道到高科交流道),000010,國道1號,0,N,"
				",7.1,"
				",110
0146,國道1號(楠梓交流道到岡山交流道),000010,國道1號,0,N,"
				",6.8,"
				",110
0148,國道1號(鼎金系統交流道到楠梓交流道),000010,國道1號,0,N,"
				",6.2,"
				",100
0150,國道1號(高雄交流道到鼎金系統交流道),000010,國道1號,0,N,"
				",5,"
				",100
0152,國道1號(瑞隆路交流道到高雄交流道),000010,國道1號,0,N,"
				",2.2,"
				",100
0154,國道1號(五甲系統交流道到瑞隆路交流道),000010,國道1號,0,N,"
				",0.8,"
				",100
0156,國道1號(五甲交流道到五甲系統交流道),000010,國道1號,0,N,"
				",1.4,"
				",100
0158,國道1號(中山四路交流道到五甲交流道),000010,國道1號,0,N,"
				",1,"
				",80
0456,國道1號(漁港路交流道到中山四路交流道),000010,國道1號,0,N,"
				",0.2,"
				",80
0458,國道1號(高雄端到漁港路交流道),000010,國道1號,0,N,"
				",1.4,"
				",60
0475,國道1號(58管制站到第二貨櫃中心交流道),000010,國道1號,0,N,"
				",1,"
				",60
0477,國道1號(第二貨櫃中心交流道到高雄端),000010,國道1號,0,N,"
				",0.7,"
				",60
0479,國道1號(高雄端到過港隧道交流道),000010,國道1號,0,N,"
				",0.8,"
				",60
0481,國道1號(過港隧道交流道到三、五管制站),000010,國道1號,0,N,"
				",0.9,"
				",60
0476,國道1號(第二貨櫃中心交流道到58管制站),000010,國道1號,0,S,"
				",1,"
				",60
0478,國道1號(高雄端到第二貨櫃中心交流道),000010,國道1號,0,S,"
				",0.7,"
				",60
0480,國道1號(過港隧道交流道到高雄端),000010,國道1號,0,S,"
				",0.8,"
				",60
0482,國道1號(三、五管制站到過港隧道交流道),000010,國道1號,0,S,"
				",0.9,"
				",60
0159,汐五高架(汐止端到堤頂交流道),00001A,汐五高架,0,S,"
				",5.72,"
				",100
0161,汐五高架(堤頂交流道到下塔悠交流道),00001A,汐五高架,0,S,"
				",1.9,"
				",100
0163,汐五高架(下塔悠交流道到環北交流道),00001A,汐五高架,0,S,"
				",5.4,"
				",100
0165,汐五高架(環北交流道到五股轉接道交流道),00001A,汐五高架,0,S,"
				",6,"
				",100
0433,汐五高架(五股轉接道交流道到泰山轉接道交流道),00001A,汐五高架,0,S,"
				",3.9,"
				",100
0435,汐五高架(泰山轉接道交流道到機場系統交流道),00001A,汐五高架,0,S,"
				",16.5,"
				",100
0437,汐五高架(機場系統交流道到中壢轉接一交流道),00001A,汐五高架,0,S,"
				",6.15,"
				",100
0439,汐五高架(中壢轉接一交流道到中壢轉接二交流道),00001A,汐五高架,0,S,"
				",1.65,"
				",100
0471,汐五高架(中壢轉接二交流道到校前路交流道),00001A,汐五高架,0,S,"
				",9.7,"
				",100
0441,汐五高架(校前路交流道到楊梅端),00001A,汐五高架,0,S,"
				",1,"
				",100
0489,汐五高架(楊梅端到楊梅休息站),00001A,汐五高架,0,S,"
				",0.35,"
				",100
0160,汐五高架(堤頂交流道到汐止端),00001A,汐五高架,0,N,"
				",5.72,"
				",100
0162,汐五高架(下塔悠交流道到堤頂交流道),00001A,汐五高架,0,N,"
				",1.9,"
				",100
0164,汐五高架(環北交流道到下塔悠交流道),00001A,汐五高架,0,N,"
				",5.4,"
				",100
0166,汐五高架(五股轉接道交流道到環北交流道),00001A,汐五高架,0,N,"
				",6,"
				",100
0434,汐五高架(泰山轉接道交流道到五股轉接道交流道),00001A,汐五高架,0,N,"
				",3.9,"
				",100
0436,汐五高架(機場系統交流道到泰山轉接道交流道),00001A,汐五高架,0,N,"
				",16.5,"
				",100
0438,汐五高架(中壢轉接一交流道到機場系統交流道),00001A,汐五高架,0,N,"
				",6.15,"
				",100
0440,汐五高架(中壢轉接二交流道到中壢轉接一交流道),00001A,汐五高架,0,N,"
				",1.65,"
				",100
0472,汐五高架(校前路交流道到中壢轉接二交流道),00001A,汐五高架,0,N,"
				",9.7,"
				",100
0442,汐五高架(楊梅端到校前路交流道),00001A,汐五高架,0,N,"
				",1,"
				",100
0490,汐五高架(楊梅休息站到楊梅端),00001A,汐五高架,0,N,"
				",0.35,"
				",100
0167,國道2號(桃園機場交流道到大園交流道),000020,國道2號,0,E,"
				",0.9,"
				",80
0169,國道2號(大園交流道到大竹交流道),000020,國道2號,0,E,"
				",4.1,"
				",100
0171,國道2號(大竹交流道到機場系統交流道),000020,國道2號,0,E,"
				",3.6,"
				",100
0173,國道2號(機場系統交流道到南桃園交流道),000020,國道2號,0,E,"
				",3,"
				",100
0175,國道2號(南桃園交流道到大湳交流道),000020,國道2號,0,E,"
				",6.9,"
				",100
0177,國道2號(大湳交流道到鶯歌系統交流道),000020,國道2號,0,E,"
				",1.9,"
				",100
0168,國道2號(大園交流道到桃園機場交流道),000020,國道2號,0,W,"
				",0.9,"
				",80
0170,國道2號(大竹交流道到大園交流道),000020,國道2號,0,W,"
				",4.1,"
				",80
0172,國道2號(機場系統交流道到大竹交流道),000020,國道2號,0,W,"
				",3.6,"
				",100
0174,國道2號(南桃園交流道到機場系統交流道),000020,國道2號,0,W,"
				",3,"
				",100
0176,國道2號(大湳交流道到南桃園交流道),000020,國道2號,0,W,"
				",6.9,"
				",100
0178,國道2號(鶯歌系統交流道到大湳交流道),000020,國道2號,0,W,"
				",1.9,"
				",100
0491,國2甲(圳頭交流道到大園交流道),00002A,國2甲,0,E,"
				",2,"
				",80
0492,國2甲(大園交流道到圳頭交流道),00002A,國2甲,0,W,"
				",2,"
				",80
0179,國道3號(基金交流道到瑪東系統交流道),000030,國道3號,0,S,"
				",2.4,"
				",90
0181,國道3號(瑪東系統交流道到汐止系統交流道),000030,國道3號,0,S,"
				",8.5,"
				",90
0185,國道3號(汐止系統交流道到新台五路交流道),000030,國道3號,0,S,"
				",1.8,"
				",90
0187,國道3號(新台五路交流道到南港交流道),000030,國道3號,0,S,"
				",2.4,"
				",90
0189,國道3號(南港交流道到南港系統交流道),000030,國道3號,0,S,"
				",1.2,"
				",90
0191,國道3號(南港系統交流道到南深路交流道),000030,國道3號,0,S,"
				",0.2,"
				",90
0193,國道3號(南深路交流道到木柵交流道),000030,國道3號,0,S,"
				",4.3,"
				",90
0195,國道3號(木柵交流道到木柵休息站),000030,國道3號,0,S,"
				",4.3,"
				",90
0197,國道3號(木柵休息站到新店交流道),000030,國道3號,0,S,"
				",1.7,"
				",90
0199,國道3號(新店交流道到安坑交流道),000030,國道3號,0,S,"
				",4.3,"
				",90
0201,國道3號(安坑交流道到中和交流道),000030,國道3號,0,S,"
				",4.8,"
				",100
0203,國道3號(中和交流道到土城交流道),000030,國道3號,0,S,"
				",7.1,"
				",110
0205,國道3號(土城交流道到樹林交流道),000030,國道3號,0,S,"
				",3.5,"
				",110
0469,國道3號(樹林交流道到三鶯交流道),000030,國道3號,0,S,"
				",4.1,"
				",110
0209,國道3號(三鶯交流道到鶯歌系統交流道),000030,國道3號,0,S,"
				",3.8,"
				",110
0211,國道3號(鶯歌系統交流道到大溪交流道),000030,國道3號,0,S,"
				",8.3,"
				",110
0213,國道3號(大溪交流道到龍潭交流道),000030,國道3號,0,S,"
				",5.6,"
				",110
0215,國道3號(龍潭交流道到高原交流道),000030,國道3號,0,S,"
				",4.68,"
				",110
0217,國道3號(高原交流道到關西服務區),000030,國道3號,0,S,"
				",3.22,"
				",110
0219,國道3號(關西服務區到關西交流道),000030,國道3號,0,S,"
				",3.1,"
				",110
0221,國道3號(關西交流道到竹林交流道),000030,國道3號,0,S,"
				",11,"
				",110
0223,國道3號(竹林交流道到寶山休息站),000030,國道3號,0,S,"
				",6.3,"
				",110
0225,國道3號(寶山休息站到寶山交流道),000030,國道3號,0,S,"
				",2.2,"
				",110
0227,國道3號(寶山交流道到新竹系統交流道),000030,國道3號,0,S,"
				",2,"
				",110
0229,國道3號(新竹系統交流道到茄苳交流道),000030,國道3號,0,S,"
				",3.1,"
				",110
0231,國道3號(茄苳交流道到香山交流道),000030,國道3號,0,S,"
				",5.7,"
				",110
0233,國道3號(香山交流道到西濱交流道),000030,國道3號,0,S,"
				",5.4,"
				",110
0235,國道3號(西濱交流道到竹南交流道),000030,國道3號,0,S,"
				",4.1,"
				",110
0237,國道3號(竹南交流道到大山交流道),000030,國道3號,0,S,"
				",5.4,"
				",110
0241,國道3號(大山交流道到後龍交流道),000030,國道3號,0,S,"
				",5.7,"
				",110
0243,國道3號(後龍交流道到西湖服務區),000030,國道3號,0,S,"
				",4.6,"
				",110
0245,國道3號(西湖服務區到通霄交流道),000030,國道3號,0,S,"
				",9.5,"
				",110
0247,國道3號(通霄交流道到苑裡交流道),000030,國道3號,0,S,"
				",12.5,"
				",110
0249,國道3號(苑裡交流道到大甲交流道),000030,國道3號,0,S,"
				",7.4,"
				",110
0253,國道3號(大甲交流道到中港系統交流道),000030,國道3號,0,S,"
				",4.8,"
				",110
0255,國道3號(中港系統交流道到清水服務區),000030,國道3號,0,S,"
				",3.4,"
				",110
0257,國道3號(清水服務區到沙鹿交流道),000030,國道3號,0,S,"
				",3.7,"
				",110
0259,國道3號(沙鹿交流道到龍井交流道),000030,國道3號,0,S,"
				",6.7,"
				",110
0261,國道3號(龍井交流道到和美交流道),000030,國道3號,0,S,"
				",8.8,"
				",110
0263,國道3號(和美交流道到彰化系統交流道),000030,國道3號,0,S,"
				",5.2,"
				",110
0265,國道3號(彰化系統交流道到快官交流道),000030,國道3號,0,S,"
				",5.3,"
				",110
0267,國道3號(快官交流道到烏日交流道),000030,國道3號,0,S,"
				",5.2,"
				",110
0269,國道3號(烏日交流道到中投交流道),000030,國道3號,0,S,"
				",1.7,"
				",110
0271,國道3號(中投交流道到霧峰交流道),000030,國道3號,0,S,"
				",2.3,"
				",110
0273,國道3號(霧峰交流道到霧峰系統交流道),000030,國道3號,0,S,"
				",2.7,"
				",110
0411,國道3號(霧峰系統交流道到草屯交流道),000030,國道3號,0,S,"
				",3.2,"
				",110
0275,國道3號(草屯交流道到中興系統交流道),000030,國道3號,0,S,"
				",5.3,"
				",110
0277,國道3號(中興系統交流道到中興交流道),000030,國道3號,0,S,"
				",2.2,"
				",110
0279,國道3號(中興交流道到南投交流道),000030,國道3號,0,S,"
				",3.9,"
				",110
0451,國道3號(南投交流道到南投服務區),000030,國道3號,0,S,"
				",2.8,"
				",110
0281,國道3號(南投服務區到名間交流道),000030,國道3號,0,S,"
				",5.4,"
				",110
0285,國道3號(名間交流道到竹山交流道),000030,國道3號,0,S,"
				",6.9,"
				",110
0287,國道3號(竹山交流道到南雲交流道),000030,國道3號,0,S,"
				",6.4,"
				",110
0461,國道3號(南雲交流道到斗六交流道),000030,國道3號,0,S,"
				",10.2,"
				",110
0289,國道3號(斗六交流道到古坑(北)交流道),000030,國道3號,0,S,"
				",7.932,"
				",110
0463,國道3號(古坑(北)交流道到古坑系統交流道),000030,國道3號,0,S,"
				",0.968,"
				",110
0291,國道3號(古坑系統交流道到古坑(南)交流道),000030,國道3號,0,S,"
				",2.01,"
				",110
0465,國道3號(古坑(南)交流道到古坑服務區),000030,國道3號,0,S,"
				",5.69,"
				",110
0295,國道3號(古坑服務區到梅山交流道),000030,國道3號,0,S,"
				",2.5,"
				",110
0297,國道3號(梅山交流道到竹崎交流道),000030,國道3號,0,S,"
				",10.7,"
				",110
0299,國道3號(竹崎交流道到中埔交流道),000030,國道3號,0,S,"
				",7.4,"
				",110
0301,國道3號(中埔交流道到水上系統交流道),000030,國道3號,0,S,"
				",3,"
				",110
0303,國道3號(水上系統交流道到白河交流道),000030,國道3號,0,S,"
				",11.2,"
				",110
0305,國道3號(白河交流道到東山服務區),000030,國道3號,0,S,"
				",8.2,"
				",110
0309,國道3號(東山服務區到柳營交流道),000030,國道3號,0,S,"
				",2.6,"
				",110
0449,國道3號(柳營交流道到烏山頭交流道),000030,國道3號,0,S,"
				",7.2,"
				",110
0311,國道3號(烏山頭交流道到官田系統交流道),000030,國道3號,0,S,"
				",5.2,"
				",110
0313,國道3號(官田系統交流道到善化交流道),000030,國道3號,0,S,"
				",5.3,"
				",110
0315,國道3號(善化交流道到新化系統交流道),000030,國道3號,0,S,"
				",6.7,"
				",110
0319,國道3號(新化系統交流道到新化休息站),000030,國道3號,0,S,"
				",3.7,"
				",110
0321,國道3號(新化休息站到關廟交流道),000030,國道3號,0,S,"
				",6.4,"
				",110
0323,國道3號(關廟交流道到關廟服務區),000030,國道3號,0,S,"
				",6.8,"
				",110
0325,國道3號(關廟服務區到田寮交流道),000030,國道3號,0,S,"
				",5.7,"
				",110
0327,國道3號(田寮交流道到燕巢系統交流道),000030,國道3號,0,S,"
				",13.5,"
				",110
0331,國道3號(燕巢系統交流道到九如交流道),000030,國道3號,0,S,"
				",8.6,"
				",110
0333,國道3號(九如交流道到屏東交流道),000030,國道3號,0,S,"
				",4.71,"
				",110
0473,國道3號(屏東交流道到長治交流道),000030,國道3號,0,S,"
				",3.89,"
				",110
0335,國道3號(長治交流道到麟洛交流道),000030,國道3號,0,S,"
				",7.1,"
				",110
0337,國道3號(麟洛交流道到竹田系統交流道),000030,國道3號,0,S,"
				",7.9,"
				",110
0341,國道3號(竹田系統交流道到崁頂交流道),000030,國道3號,0,S,"
				",6,"
				",110
0343,國道3號(崁頂交流道到南州交流道),000030,國道3號,0,S,"
				",3.3,"
				",110
0345,國道3號(南州交流道到林邊交流道),000030,國道3號,0,S,"
				",6,"
				",110
0347,國道3號(林邊交流道到大鵬灣端),000030,國道3號,0,S,"
				",1,"
				",110
0180,國道3號(瑪東系統交流道到基金交流道),000030,國道3號,0,N,"
				",2.4,"
				",90
0182,國道3號(汐止系統交流道到瑪東系統交流道),000030,國道3號,0,N,"
				",8.5,"
				",90
0186,國道3號(新台五路交流道到汐止系統交流道),000030,國道3號,0,N,"
				",1.8,"
				",90
0188,國道3號(南港交流道到新台五路交流道),000030,國道3號,0,N,"
				",2.4,"
				",90
0190,國道3號(南港系統交流道到南港交流道),000030,國道3號,0,N,"
				",1.2,"
				",90
0192,國道3號(南深路交流道到南港系統交流道),000030,國道3號,0,N,"
				",0.2,"
				",90
0194,國道3號(木柵交流道到南深路交流道),000030,國道3號,0,N,"
				",4.3,"
				",90
0196,國道3號(木柵休息站到木柵交流道),000030,國道3號,0,N,"
				",4.3,"
				",90
0198,國道3號(新店交流道到木柵休息站),000030,國道3號,0,N,"
				",1.7,"
				",90
0200,國道3號(安坑交流道到新店交流道),000030,國道3號,0,N,"
				",4.3,"
				",90
0202,國道3號(中和交流道到安坑交流道),000030,國道3號,0,N,"
				",4.8,"
				",90
0204,國道3號(土城交流道到中和交流道),000030,國道3號,0,N,"
				",7.1,"
				",100
0206,國道3號(樹林交流道到土城交流道),000030,國道3號,0,N,"
				",3.5,"
				",110
0470,國道3號(三鶯交流道到樹林交流道),000030,國道3號,0,N,"
				",4.1,"
				",110
0210,國道3號(鶯歌系統交流道到三鶯交流道),000030,國道3號,0,N,"
				",3.8,"
				",110
0212,國道3號(大溪交流道到鶯歌系統交流道),000030,國道3號,0,N,"
				",8.3,"
				",110
0214,國道3號(龍潭交流道到大溪交流道),000030,國道3號,0,N,"
				",5.6,"
				",110
0216,國道3號(高原交流道到龍潭交流道),000030,國道3號,0,N,"
				",4.68,"
				",110
0218,國道3號(關西服務區到高原交流道),000030,國道3號,0,N,"
				",3.22,"
				",110
0220,國道3號(關西交流道到關西服務區),000030,國道3號,0,N,"
				",3.1,"
				",110
0222,國道3號(竹林交流道到關西交流道),000030,國道3號,0,N,"
				",11,"
				",110
0224,國道3號(寶山休息站到竹林交流道),000030,國道3號,0,N,"
				",6.3,"
				",110
0226,國道3號(寶山交流道到寶山休息站),000030,國道3號,0,N,"
				",2.2,"
				",110
0228,國道3號(新竹系統交流道到寶山交流道),000030,國道3號,0,N,"
				",2,"
				",110
0230,國道3號(茄苳交流道到新竹系統交流道),000030,國道3號,0,N,"
				",3.1,"
				",110
0232,國道3號(香山交流道到茄苳交流道),000030,國道3號,0,N,"
				",5.7,"
				",110
0234,國道3號(西濱交流道到香山交流道),000030,國道3號,0,N,"
				",5.4,"
				",110
0236,國道3號(竹南交流道到西濱交流道),000030,國道3號,0,N,"
				",4.1,"
				",110
0238,國道3號(大山交流道到竹南交流道),000030,國道3號,0,N,"
				",5.4,"
				",110
0242,國道3號(後龍交流道到大山交流道),000030,國道3號,0,N,"
				",5.7,"
				",110
0244,國道3號(西湖服務區到後龍交流道),000030,國道3號,0,N,"
				",4.6,"
				",110
0246,國道3號(通霄交流道到西湖服務區),000030,國道3號,0,N,"
				",9.5,"
				",110
0248,國道3號(苑裡交流道到通霄交流道),000030,國道3號,0,N,"
				",12.5,"
				",110
0250,國道3號(大甲交流道到苑裡交流道),000030,國道3號,0,N,"
				",7.4,"
				",110
0254,國道3號(中港系統交流道到大甲交流道),000030,國道3號,0,N,"
				",4.8,"
				",110
0256,國道3號(清水服務區到中港系統交流道),000030,國道3號,0,N,"
				",3.4,"
				",110
0258,國道3號(沙鹿交流道到清水服務區),000030,國道3號,0,N,"
				",3.7,"
				",110
0260,國道3號(龍井交流道到沙鹿交流道),000030,國道3號,0,N,"
				",6.7,"
				",110
0262,國道3號(和美交流道到龍井交流道),000030,國道3號,0,N,"
				",8.8,"
				",110
0264,國道3號(彰化系統交流道到和美交流道),000030,國道3號,0,N,"
				",5.2,"
				",110
0266,國道3號(快官交流道到彰化系統交流道),000030,國道3號,0,N,"
				",5.3,"
				",110
0268,國道3號(烏日交流道到快官交流道),000030,國道3號,0,N,"
				",5.2,"
				",110
0270,國道3號(中投交流道到烏日交流道),000030,國道3號,0,N,"
				",1.7,"
				",110
0272,國道3號(霧峰交流道到中投交流道),000030,國道3號,0,N,"
				",2.3,"
				",110
0274,國道3號(霧峰系統交流道到霧峰交流道),000030,國道3號,0,N,"
				",2.7,"
				",110
0412,國道3號(草屯交流道到霧峰系統交流道),000030,國道3號,0,N,"
				",3.2,"
				",110
0276,國道3號(中興系統交流道到草屯交流道),000030,國道3號,0,N,"
				",5.3,"
				",110
0278,國道3號(中興交流道到中興系統交流道),000030,國道3號,0,N,"
				",2.2,"
				",110
0280,國道3號(南投交流道到中興交流道),000030,國道3號,0,N,"
				",3.9,"
				",110
0452,國道3號(南投服務區到南投交流道),000030,國道3號,0,N,"
				",2.8,"
				",110
0282,國道3號(名間交流道到南投服務區),000030,國道3號,0,N,"
				",5.4,"
				",110
0286,國道3號(竹山交流道到名間交流道),000030,國道3號,0,N,"
				",6.9,"
				",110
0288,國道3號(南雲交流道到竹山交流道),000030,國道3號,0,N,"
				",6.4,"
				",110
0462,國道3號(斗六交流道到南雲交流道),000030,國道3號,0,N,"
				",10.2,"
				",110
0290,國道3號(古坑(北)交流道到斗六交流道),000030,國道3號,0,N,"
				",7.932,"
				",110
0464,國道3號(古坑系統交流道到古坑(北)交流道),000030,國道3號,0,N,"
				",0.968,"
				",110
0292,國道3號(古坑(南)交流道到古坑系統交流道),000030,國道3號,0,N,"
				",2.01,"
				",110
0466,國道3號(古坑服務區到古坑(南)交流道),000030,國道3號,0,N,"
				",5.69,"
				",110
0296,國道3號(梅山交流道到古坑服務區),000030,國道3號,0,N,"
				",2.5,"
				",110
0298,國道3號(竹崎交流道到梅山交流道),000030,國道3號,0,N,"
				",10.7,"
				",110
0300,國道3號(中埔交流道到竹崎交流道),000030,國道3號,0,N,"
				",7.4,"
				",110
0302,國道3號(水上系統交流道到中埔交流道),000030,國道3號,0,N,"
				",3,"
				",110
0304,國道3號(白河交流道到水上系統交流道),000030,國道3號,0,N,"
				",11.2,"
				",110
0306,國道3號(東山服務區到白河交流道),000030,國道3號,0,N,"
				",8.2,"
				",110
0310,國道3號(柳營交流道到東山服務區),000030,國道3號,0,N,"
				",2.6,"
				",110
0450,國道3號(烏山頭交流道到柳營交流道),000030,國道3號,0,N,"
				",7.2,"
				",110
0312,國道3號(官田系統交流道到烏山頭交流道),000030,國道3號,0,N,"
				",5.2,"
				",110
0314,國道3號(善化交流道到官田系統交流道),000030,國道3號,0,N,"
				",5.3,"
				",110
0316,國道3號(新化系統交流道到善化交流道),000030,國道3號,0,N,"
				",6.7,"
				",110
0320,國道3號(新化休息站到新化系統交流道),000030,國道3號,0,N,"
				",3.7,"
				",110
0322,國道3號(關廟交流道到新化休息站),000030,國道3號,0,N,"
				",6.4,"
				",110
0324,國道3號(關廟服務區到關廟交流道),000030,國道3號,0,N,"
				",6.8,"
				",110
0326,國道3號(田寮交流道到關廟服務區),000030,國道3號,0,N,"
				",5.7,"
				",110
0328,國道3號(燕巢系統交流道到田寮交流道),000030,國道3號,0,N,"
				",13.5,"
				",110
0332,國道3號(九如交流道到燕巢系統交流道),000030,國道3號,0,N,"
				",8.6,"
				",110
0334,國道3號(屏東交流道到九如交流道),000030,國道3號,0,N,"
				",4.71,"
				",110
0474,國道3號(長治交流道到屏東交流道),000030,國道3號,0,N,"
				",3.89,"
				",110
0336,國道3號(麟洛交流道到長治交流道),000030,國道3號,0,N,"
				",7.1,"
				",110
0338,國道3號(竹田系統交流道到麟洛交流道),000030,國道3號,0,N,"
				",7.9,"
				",110
0342,國道3號(崁頂交流道到竹田系統交流道),000030,國道3號,0,N,"
				",6,"
				",110
0344,國道3號(南州交流道到崁頂交流道),000030,國道3號,0,N,"
				",3.3,"
				",110
0346,國道3號(林邊交流道到南州交流道),000030,國道3號,0,N,"
				",6,"
				",110
0348,國道3號(大鵬灣端到林邊交流道),000030,國道3號,0,N,"
				",1,"
				",110
0349,國3甲(台北端到萬芳交流道),000031,國3甲,0,S,"
				",3.6,"
				",80
0351,國3甲(萬芳交流道到木柵交流道),000031,國3甲,0,S,"
				",1.5,"
				",80
0353,國3甲(木柵交流道到深坑端),000031,國3甲,0,S,"
				",0.5,"
				",80
0350,國3甲(萬芳交流道到台北端),000031,國3甲,0,N,"
				",3.6,"
				",80
0352,國3甲(木柵交流道到萬芳交流道),000031,國3甲,0,N,"
				",1.5,"
				",80
0354,國3甲(深坑端到木柵交流道),000031,國3甲,0,N,"
				",0.5,"
				",80
1006,台2己(基隆港交流道到德安路交流道),300026,台2己,0,E,"
				",2.424,"
				",50
1004,台2己(德安路交流道到中和路交流道),300026,台2己,0,E,"
				",0.649,"
				",50
1002,台2己(中和路交流道到基金交流道),300026,台2己,0,E,"
				",0.907,"
				",50
1005,台2己(德安路交流道到基隆港交流道),300026,台2己,0,W,"
				",2.424,"
				",50
1003,台2己(中和路交流道到德安路交流道),300026,台2己,0,W,"
				",0.649,"
				",50
1001,台2己(基金交流道到中和路交流道),300026,台2己,0,W,"
				",0.907,"
				",50
1007,南港連絡道(環東交流道到南港交流道),626529F,南港連絡道,6,S,"
				",1.4,"
				",70
1008,南港連絡道(南港交流道到環東交流道),626529F,南港連絡道,6,N,"
				",1.4,"
				",70
0355,國道4號(清水端到中港系統交流道),000040,國道4號,0,E,"
				",2.3,"
				",100
0357,國道4號(中港系統交流道到神岡交流道),000040,國道4號,0,E,"
				",6.7,"
				",100
0359,國道4號(神岡交流道到台中系統交流道),000040,國道4號,0,E,"
				",2.7,"
				",100
0361,國道4號(台中系統交流道到后豐交流道),000040,國道4號,0,E,"
				",2.6,"
				",100
0483,國道4號(后豐交流道到豐勢交流道),000040,國道4號,0,E,"
				",3.5,"
				",100
0485,國道4號(豐勢交流道到潭子交流道),000040,國道4號,0,E,"
				",8.75,"
				",100
0487,國道4號(潭子交流道到潭子系統交流道),000040,國道4號,0,E,"
				",1.45,"
				",100
0356,國道4號(中港系統交流道到清水端),000040,國道4號,0,W,"
				",2.3,"
				",100
0358,國道4號(神岡交流道到中港系統交流道),000040,國道4號,0,W,"
				",6.7,"
				",100
0360,國道4號(台中系統交流道到神岡交流道),000040,國道4號,0,W,"
				",2.7,"
				",100
0362,國道4號(后豐交流道到台中系統交流道),000040,國道4號,0,W,"
				",2.6,"
				",100
0484,國道4號(豐勢交流道到后豐交流道),000040,國道4號,0,W,"
				",3.5,"
				",100
0486,國道4號(潭子交流道到豐勢交流道),000040,國道4號,0,W,"
				",8.75,"
				",100
0488,國道4號(潭子系統交流道到潭子交流道),000040,國道4號,0,W,"
				",1.45,"
				",100
0365,國道5號(南港系統交流道到石碇交流道),000050,國道5號,0,S,"
				",4,"
				",80
0367,國道5號(石碇交流道到坪林交控交流道),000050,國道5號,0,S,"
				",10.7,"
				",80
0369,國道5號(坪林交控交流道到頭城交流道),000050,國道5號,0,S,"
				",15.6,"
				",90
0373,國道5號(頭城交流道到宜蘭交流道),000050,國道5號,0,S,"
				",8.3,"
				",90
0375,國道5號(宜蘭交流道到羅東交流道),000050,國道5號,0,S,"
				",8.1,"
				",90
0377,國道5號(羅東交流道到蘇澳交流道),000050,國道5號,0,S,"
				",7.6,"
				",90
0366,國道5號(石碇交流道到南港系統交流道),000050,國道5號,0,N,"
				",4,"
				",80
0368,國道5號(坪林交控交流道到石碇交流道),000050,國道5號,0,N,"
				",10.7,"
				",80
0370,國道5號(頭城交流道到坪林交控交流道),000050,國道5號,0,N,"
				",15.6,"
				",80
0374,國道5號(宜蘭交流道到頭城交流道),000050,國道5號,0,N,"
				",8.3,"
				",90
0376,國道5號(羅東交流道到宜蘭交流道),000050,國道5號,0,N,"
				",8.1,"
				",90
0378,國道5號(蘇澳交流道到羅東交流道),000050,國道5號,0,N,"
				",7.6,"
				",90
0379,國道6號(霧峰系統交流道到舊正交流道),000060,國道6號,0,E,"
				",3,"
				",100
0417,國道6號(舊正交流道到東草屯交流道),000060,國道6號,0,E,"
				",2,"
				",100
0381,國道6號(東草屯交流道到國姓交流道),000060,國道6號,0,E,"
				",12,"
				",100
0383,國道6號(國姓交流道到北山交流道),000060,國道6號,0,E,"
				",8,"
				",100
0447,國道6號(北山交流道到愛蘭交流道),000060,國道6號,0,E,"
				",4,"
				",100
0385,國道6號(愛蘭交流道到埔里交流道),000060,國道6號,0,E,"
				",5,"
				",100
0387,國道6號(埔里交流道到埔里端),000060,國道6號,0,E,"
				",3.3,"
				",100
0380,國道6號(舊正交流道到霧峰系統交流道),000060,國道6號,0,W,"
				",3,"
				",100
0418,國道6號(東草屯交流道到舊正交流道),000060,國道6號,0,W,"
				",2,"
				",100
0382,國道6號(國姓交流道到東草屯交流道),000060,國道6號,0,W,"
				",12,"
				",100
0384,國道6號(北山交流道到國姓交流道),000060,國道6號,0,W,"
				",8,"
				",100
0448,國道6號(愛蘭交流道到北山交流道),000060,國道6號,0,W,"
				",4,"
				",100
0386,國道6號(埔里交流道到愛蘭交流道),000060,國道6號,0,W,"
				",5,"
				",100
0388,國道6號(埔里端到埔里交流道),000060,國道6號,0,W,"
				",3.3,"
				",100
0389,國道8號(台南端到新吉交流道),000080,國道8號,0,E,"
				",2.4,"
				",80
0391,國道8號(新吉交流道到台南系統交流道),000080,國道8號,0,E,"
				",4.1,"
				",100
0393,國道8號(台南系統交流道到新市交流道),000080,國道8號,0,E,"
				",3.2,"
				",100
0395,國道8號(新市交流道到新化系統交流道),000080,國道8號,0,E,"
				",4.9,"
				",100
0397,國道8號(新化系統交流道到新化端),000080,國道8號,0,E,"
				",0.9,"
				",100
0390,國道8號(新吉交流道到台南端),000080,國道8號,0,W,"
				",2.4,"
				",80
0392,國道8號(台南系統交流道到新吉交流道),000080,國道8號,0,W,"
				",4.1,"
				",80
0394,國道8號(新市交流道到台南系統交流道),000080,國道8號,0,W,"
				",3.2,"
				",100
0396,國道8號(新化系統交流道到新市交流道),000080,國道8號,0,W,"
				",4.9,"
				",100
0398,國道8號(新化端到新化系統交流道),000080,國道8號,0,W,"
				",0.9,"
				",100
0399,國道10號(左營端到鼎金系統交流道),000100,國道10號,0,E,"
				",1.9,"
				",80
0401,國道10號(鼎金系統交流道到仁武交流道),000100,國道10號,0,E,"
				",4.8,"
				",100
0403,國道10號(仁武交流道到燕巢交流道),000100,國道10號,0,E,"
				",6.3,"
				",100
0405,國道10號(燕巢交流道到燕巢系統交流道),000100,國道10號,0,E,"
				",6.7,"
				",100
0407,國道10號(燕巢系統交流道到嶺口交流道),000100,國道10號,0,E,"
				",2.9,"
				",100
0409,國道10號(嶺口交流道到里港交流道),000100,國道10號,0,E,"
				",2.5,"
				",100
0453,國道10號(里港交流道到旗山端),000100,國道10號,0,E,"
				",8.7,"
				",100
0400,國道10號(鼎金系統交流道到左營端),000100,國道10號,0,W,"
				",1.9,"
				",80
0402,國道10號(仁武交流道到鼎金系統交流道),000100,國道10號,0,W,"
				",4.8,"
				",80
0404,國道10號(燕巢交流道到仁武交流道),000100,國道10號,0,W,"
				",6.3,"
				",100
0406,國道10號(燕巢系統交流道到燕巢交流道),000100,國道10號,0,W,"
				",6.7,"
				",100
0408,國道10號(嶺口交流道到燕巢系統交流道),000100,國道10號,0,W,"
				",2.9,"
				",100
0410,國道10號(里港交流道到嶺口交流道),000100,國道10號,0,W,"
				",2.5,"
				",100
0454,國道10號(旗山端到里港交流道),000100,國道10號,0,W,"
				",8.7,"
				",100
2001,快速公路62號(安樂端到瑪東系統交流道),100620,快速公路62號,1,E,"
				",2,"
				",80
2003,快速公路62號(瑪東系統交流道到七堵一交流道),100620,快速公路62號,1,E,"
				",1.7,"
				",80
2005,快速公路62號(七堵一交流道到七堵二交流道),100620,快速公路62號,1,E,"
				",2.275,"
				",80
2269,快速公路62號(七堵二交流道到大華系統交流道),100620,快速公路62號,1,E,"
				",0.225,"
				",80
2007,快速公路62號(大華系統交流道到暖暖交流道),100620,快速公路62號,1,E,"
				",3.2,"
				",80
2009,快速公路62號(暖暖交流道到四腳亭交流道),100620,快速公路62號,1,E,"
				",4.59,"
				",80
2267,快速公路62號(四腳亭交流道到瑞芳交流道),100620,快速公路62號,1,E,"
				",2.01,"
				",80
2011,快速公路62號(瑞芳交流道到瑞濱端),100620,快速公路62號,1,E,"
				",2.76,"
				",80
2002,快速公路62號(瑪東系統交流道到安樂端),100620,快速公路62號,1,W,"
				",2,"
				",80
2004,快速公路62號(七堵一交流道到瑪東系統交流道),100620,快速公路62號,1,W,"
				",1.7,"
				",80
2006,快速公路62號(七堵二交流道到七堵一交流道),100620,快速公路62號,1,W,"
				",2.275,"
				",80
2270,快速公路62號(大華系統交流道到七堵二交流道),100620,快速公路62號,1,W,"
				",0.225,"
				",80
2008,快速公路62號(暖暖交流道到大華系統交流道),100620,快速公路62號,1,W,"
				",3.2,"
				",80
2010,快速公路62號(四腳亭交流道到暖暖交流道),100620,快速公路62號,1,W,"
				",4.59,"
				",80
2268,快速公路62號(瑞芳交流道到四腳亭交流道),100620,快速公路62號,1,W,"
				",2.01,"
				",80
2012,快速公路62號(瑞濱端到瑞芳交流道),100620,快速公路62號,1,W,"
				",2.76,"
				",80
2235,快速公路64號(八里二交流道到八里交流道),100640,快速公路64號,1,E,"
				",0.85,"
				",80
2013,快速公路64號(八里交流道到觀音山交流道),100640,快速公路64號,1,E,"
				",5.63,"
				",80
2015,快速公路64號(觀音山交流道到五股一交流道),100640,快速公路64號,1,E,"
				",3.52,"
				",80
2017,快速公路64號(五股一交流道到五股二交流道),100640,快速公路64號,1,E,"
				",1.82,"
				",80
2019,快速公路64號(五股二交流道到三重交流道),100640,快速公路64號,1,E,"
				",3.2,"
				",70
2021,快速公路64號(三重交流道到江子翠交流道),100640,快速公路64號,1,E,"
				",2.8,"
				",70
2023,快速公路64號(江子翠交流道到板橋交流道),100640,快速公路64號,1,E,"
				",3.001,"
				",70
2025,快速公路64號(板橋交流道到中和一交流道),100640,快速公路64號,1,E,"
				",1.629,"
				",70
2027,快速公路64號(中和一交流道到中和交流道),100640,快速公路64號,1,E,"
				",1.3,"
				",70
2029,快速公路64號(中和交流道到中和二交流道),100640,快速公路64號,1,E,"
				",2.8,"
				",70
2031,快速公路64號(中和二交流道到新店端),100640,快速公路64號,1,E,"
				",2.118,"
				",70
2236,快速公路64號(八里交流道到八里二交流道),100640,快速公路64號,1,W,"
				",0.85,"
				",80
2014,快速公路64號(觀音山交流道到八里交流道),100640,快速公路64號,1,W,"
				",5.63,"
				",80
2016,快速公路64號(五股一交流道到觀音山交流道),100640,快速公路64號,1,W,"
				",3.52,"
				",80
2018,快速公路64號(五股二交流道到五股一交流道),100640,快速公路64號,1,W,"
				",1.82,"
				",80
2020,快速公路64號(三重交流道到五股二交流道),100640,快速公路64號,1,W,"
				",3.2,"
				",70
2022,快速公路64號(江子翠交流道到三重交流道),100640,快速公路64號,1,W,"
				",2.8,"
				",70
2024,快速公路64號(板橋交流道到江子翠交流道),100640,快速公路64號,1,W,"
				",3.001,"
				",70
2026,快速公路64號(中和一交流道到板橋交流道),100640,快速公路64號,1,W,"
				",1.629,"
				",70
2028,快速公路64號(中和交流道到中和一交流道),100640,快速公路64號,1,W,"
				",1.3,"
				",70
2030,快速公路64號(中和二交流道到中和交流道),100640,快速公路64號,1,W,"
				",2.8,"
				",70
2032,快速公路64號(新店端到中和二交流道),100640,快速公路64號,1,W,"
				",2.118,"
				",70
2033,快速公路66號(觀音交流道到觀音一交流道),100660,快速公路66號,1,E,"
				",5.58,"
				",80
2041,快速公路66號(觀音一交流道到新屋交流道),100660,快速公路66號,1,E,"
				",5.22,"
				",80
2047,快速公路66號(新屋交流道到新屋一交流道),100660,快速公路66號,1,E,"
				",2.2,"
				",90
2271,快速公路66號(新屋一交流道到平鎮系統交流道),100660,快速公路66號,1,E,"
				",5,"
				",90
2055,快速公路66號(平鎮系統交流道到平鎮一交流道),100660,快速公路66號,1,E,"
				",1,"
				",90
2057,快速公路66號(平鎮一交流道到平鎮二交流道),100660,快速公路66號,1,E,"
				",1.7,"
				",90
2059,快速公路66號(平鎮二交流道到平鎮三交流道),100660,快速公路66號,1,E,"
				",2.5,"
				",90
2061,快速公路66號(平鎮三交流道到大溪端),100660,快速公路66號,1,E,"
				",4,"
				",90
2034,快速公路66號(觀音一交流道到觀音交流道),100660,快速公路66號,1,W,"
				",5.58,"
				",80
2042,快速公路66號(新屋交流道到觀音一交流道),100660,快速公路66號,1,W,"
				",5.22,"
				",80
2048,快速公路66號(新屋一交流道到新屋交流道),100660,快速公路66號,1,W,"
				",2.2,"
				",90
2272,快速公路66號(平鎮系統交流道到新屋一交流道),100660,快速公路66號,1,W,"
				",5,"
				",90
2056,快速公路66號(平鎮一交流道到平鎮系統交流道),100660,快速公路66號,1,W,"
				",1,"
				",90
2058,快速公路66號(平鎮二交流道到平鎮一交流道),100660,快速公路66號,1,W,"
				",1.7,"
				",90
2060,快速公路66號(平鎮三交流道到平鎮二交流道),100660,快速公路66號,1,W,"
				",2.5,"
				",90
2062,快速公路66號(大溪端到平鎮三交流道),100660,快速公路66號,1,W,"
				",4,"
				",90
2065,快速公路68號(南寮端到新竹一交流道),100680,快速公路68號,1,E,"
				",5,"
				",90
2067,快速公路68號(新竹一交流道到新竹二交流道),100680,快速公路68號,1,E,"
				",2.5,"
				",90
2069,快速公路68號(新竹二交流道到竹科交流道),100680,快速公路68號,1,E,"
				",1.5,"
				",90
2071,快速公路68號(竹科交流道到芎林交流道),100680,快速公路68號,1,E,"
				",6.8,"
				",90
2073,快速公路68號(芎林交流道到竹東一交流道),100680,快速公路68號,1,E,"
				",2.2,"
				",70
2273,快速公路68號(竹東一交流道到竹東二交流道),100680,快速公路68號,1,E,"
				",2,"
				",70
2075,快速公路68號(竹東二交流道到竹東端),100680,快速公路68號,1,E,"
				",3,"
				",70
2066,快速公路68號(新竹一交流道到南寮端),100680,快速公路68號,1,W,"
				",5,"
				",90
2068,快速公路68號(新竹二交流道到新竹一交流道),100680,快速公路68號,1,W,"
				",2.5,"
				",90
2070,快速公路68號(竹科交流道到新竹二交流道),100680,快速公路68號,1,W,"
				",1.5,"
				",90
2072,快速公路68號(芎林交流道到竹科交流道),100680,快速公路68號,1,W,"
				",6.8,"
				",90
2074,快速公路68號(竹東一交流道到芎林交流道),100680,快速公路68號,1,W,"
				",2.2,"
				",90
2274,快速公路68號(竹東二交流道到竹東一交流道),100680,快速公路68號,1,W,"
				",2,"
				",90
2076,快速公路68號(竹東端到竹東二交流道),100680,快速公路68號,1,W,"
				",3,"
				",70
2077,快速公路72號(後龍端到新港交流道),100720,快速公路72號,1,E,"
				",5,"
				",90
2079,快速公路72號(新港交流道到造橋交流道),100720,快速公路72號,1,E,"
				",1.55,"
				",90
2081,快速公路72號(造橋交流道到頭屋一交流道),100720,快速公路72號,1,E,"
				",3.57,"
				",90
2083,快速公路72號(頭屋一交流道到頭屋二交流道),100720,快速公路72號,1,E,"
				",1.686,"
				",90
2085,快速公路72號(頭屋二交流道到公館交流道),100720,快速公路72號,1,E,"
				",3.954,"
				",90
2087,快速公路72號(公館交流道到銅鑼交流道),100720,快速公路72號,1,E,"
				",4.83,"
				",90
2089,快速公路72號(銅鑼交流道到119甲交流道),100720,快速公路72號,1,E,"
				",2.02,"
				",80
2091,快速公路72號(119甲交流道到石圍牆交流道),100720,快速公路72號,1,E,"
				",1.94,"
				",80
2093,快速公路72號(石圍牆交流道到開礦村一號交流道),100720,快速公路72號,1,E,"
				",1.55,"
				",80
2095,快速公路72號(開礦村一號交流道到開礦村二號交流道),100720,快速公路72號,1,E,"
				",2.32,"
				",80
2097,快速公路72號(開礦村二號交流道到開礦村三號交流道),100720,快速公路72號,1,E,"
				",1.13,"
				",80
2099,快速公路72號(開礦村三號交流道到獅潭端),100720,快速公路72號,1,E,"
				",1.492,"
				",80
2078,快速公路72號(新港交流道到後龍端),100720,快速公路72號,1,W,"
				",5,"
				",90
2080,快速公路72號(造橋交流道到新港交流道),100720,快速公路72號,1,W,"
				",1.55,"
				",90
2082,快速公路72號(頭屋一交流道到造橋交流道),100720,快速公路72號,1,W,"
				",3.57,"
				",90
2084,快速公路72號(頭屋二交流道到頭屋一交流道),100720,快速公路72號,1,W,"
				",1.686,"
				",90
2086,快速公路72號(公館交流道到頭屋二交流道),100720,快速公路72號,1,W,"
				",3.954,"
				",90
2088,快速公路72號(銅鑼交流道到公館交流道),100720,快速公路72號,1,W,"
				",4.83,"
				",90
2090,快速公路72號(119甲交流道到銅鑼交流道),100720,快速公路72號,1,W,"
				",2.02,"
				",90
2092,快速公路72號(石圍牆交流道到119甲交流道),100720,快速公路72號,1,W,"
				",1.94,"
				",80
2094,快速公路72號(開礦村一號交流道到石圍牆交流道),100720,快速公路72號,1,W,"
				",1.55,"
				",80
2096,快速公路72號(開礦村二號交流道到開礦村一號交流道),100720,快速公路72號,1,W,"
				",2.32,"
				",80
2098,快速公路72號(開礦村三號交流道到開礦村二號交流道),100720,快速公路72號,1,W,"
				",1.13,"
				",80
2100,快速公路72號(獅潭端到開礦村三號交流道),100720,快速公路72號,1,W,"
				",1.492,"
				",80
2107,快速公路74號(快官交流道到成功交流道),100740,快速公路74號,1,E,"
				",1.65,"
				",80
2109,快速公路74號(成功交流道到高鐵台中交流道),100740,快速公路74號,1,E,"
				",2.35,"
				",80
2111,快速公路74號(高鐵台中交流道到南屯一交流道),100740,快速公路74號,1,E,"
				",1.5,"
				",80
2113,快速公路74號(南屯一交流道到南屯二交流道),100740,快速公路74號,1,E,"
				",1.64,"
				",80
2115,快速公路74號(南屯二交流道到西屯一交流道),100740,快速公路74號,1,E,"
				",1.76,"
				",80
2117,快速公路74號(西屯一交流道到西屯二交流道),100740,快速公路74號,1,E,"
				",1.1,"
				",80
2119,快速公路74號(西屯二交流道到西屯三交流道),100740,快速公路74號,1,E,"
				",0.94,"
				",80
2121,快速公路74號(西屯三交流道到北屯一交流道),100740,快速公路74號,1,E,"
				",2.06,"
				",80
2123,快速公路74號(北屯一交流道到北屯二交流道),100740,快速公路74號,1,E,"
				",1.32,"
				",80
2251,快速公路74號(北屯二交流道到崇德交流道),100740,快速公路74號,1,E,"
				",2.667,"
				",80
2253,快速公路74號(崇德交流道到潭子交流道),100740,快速公路74號,1,E,"
				",1.86,"
				",80
2255,快速公路74號(潭子交流道到潭子系統交流道),100740,快速公路74號,1,E,"
				",1.353,"
				",80
2275,快速公路74號(潭子系統交流道到松竹交流道),100740,快速公路74號,1,E,"
				",2.55,"
				",80
2257,快速公路74號(松竹交流道到太原交流道),100740,快速公路74號,1,E,"
				",1.661,"
				",80
2259,快速公路74號(太原交流道到太平交流道),100740,快速公路74號,1,E,"
				",2.524,"
				",80
2261,快速公路74號(太平交流道到大里一交流道),100740,快速公路74號,1,E,"
				",3.202,"
				",80
2263,快速公路74號(大里一交流道到大里二交流道),100740,快速公路74號,1,E,"
				",2.717,"
				",80
2265,快速公路74號(大里二交流道到霧峰交流道),100740,快速公路74號,1,E,"
				",6.381,"
				",80
2108,快速公路74號(成功交流道到快官交流道),100740,快速公路74號,1,W,"
				",1.65,"
				",80
2110,快速公路74號(高鐵台中交流道到成功交流道),100740,快速公路74號,1,W,"
				",2.35,"
				",80
2112,快速公路74號(南屯一交流道到高鐵台中交流道),100740,快速公路74號,1,W,"
				",1.5,"
				",80
2114,快速公路74號(南屯二交流道到南屯一交流道),100740,快速公路74號,1,W,"
				",1.64,"
				",80
2116,快速公路74號(西屯一交流道到南屯二交流道),100740,快速公路74號,1,W,"
				",1.76,"
				",80
2118,快速公路74號(西屯二交流道到西屯一交流道),100740,快速公路74號,1,W,"
				",1.1,"
				",80
2120,快速公路74號(西屯三交流道到西屯二交流道),100740,快速公路74號,1,W,"
				",0.94,"
				",80
2122,快速公路74號(北屯一交流道到西屯三交流道),100740,快速公路74號,1,W,"
				",2.06,"
				",80
2124,快速公路74號(北屯二交流道到北屯一交流道),100740,快速公路74號,1,W,"
				",1.32,"
				",80
2252,快速公路74號(崇德交流道到北屯二交流道),100740,快速公路74號,1,W,"
				",2.667,"
				",80
2254,快速公路74號(潭子交流道到崇德交流道),100740,快速公路74號,1,W,"
				",1.86,"
				",80
2256,快速公路74號(潭子系統交流道到潭子交流道),100740,快速公路74號,1,W,"
				",1.353,"
				",80
2276,快速公路74號(松竹交流道到潭子系統交流道),100740,快速公路74號,1,W,"
				",2.55,"
				",80
2258,快速公路74號(太原交流道到松竹交流道),100740,快速公路74號,1,W,"
				",1.661,"
				",80
2260,快速公路74號(太平交流道到太原交流道),100740,快速公路74號,1,W,"
				",2.524,"
				",80
2262,快速公路74號(大里一交流道到太平交流道),100740,快速公路74號,1,W,"
				",3.202,"
				",80
2264,快速公路74號(大里二交流道到大里一交流道),100740,快速公路74號,1,W,"
				",2.717,"
				",80
2266,快速公路74號(霧峰交流道到大里二交流道),100740,快速公路74號,1,W,"
				",6.381,"
				",80
2246,快速公路74號甲(牛埔交流道到快官交流道),300741,快速公路74號甲,1,W,"
				",0.752,"
				",70
2245,快速公路74號甲(快官交流道到牛埔交流道),300741,快速公路74號甲,1,E,"
				",0.752,"
				",70
2131,快速公路76號(埔鹽交流道到埔鹽系統交流道),100760,快速公路76號,1,E,"
				",3.85,"
				",90
2133,快速公路76號(埔鹽系統交流道到埔心交流道),100760,快速公路76號,1,E,"
				",3.82,"
				",90
2135,快速公路76號(埔心交流道到員林交流道),100760,快速公路76號,1,E,"
				",3.81,"
				",90
2137,快速公路76號(員林交流道到林厝交流道),100760,快速公路76號,1,E,"
				",3.92,"
				",90
2139,快速公路76號(林厝交流道到中興系統交流道),100760,快速公路76號,1,E,"
				",5.8,"
				",80
2132,快速公路76號(埔鹽系統交流道到埔鹽交流道),100760,快速公路76號,1,W,"
				",3.85,"
				",90
2134,快速公路76號(埔心交流道到埔鹽系統交流道),100760,快速公路76號,1,W,"
				",3.82,"
				",90
2136,快速公路76號(員林交流道到埔心交流道),100760,快速公路76號,1,W,"
				",3.81,"
				",90
2138,快速公路76號(林厝交流道到員林交流道),100760,快速公路76號,1,W,"
				",3.92,"
				",90
2140,快速公路76號(中興系統交流道到林厝交流道),100760,快速公路76號,1,W,"
				",5.8,"
				",80
2141,快速公路78號(台西交流道到東勢交流道),100780,快速公路78號,1,E,"
				",8.04,"
				",100
2145,快速公路78號(東勢交流道到元長交流道),100780,快速公路78號,1,E,"
				",7.19,"
				",100
2243,快速公路78號(元長交流道到土庫交流道),100780,快速公路78號,1,E,"
				",7.27,"
				",100
2147,快速公路78號(土庫交流道到虎尾交流道),100780,快速公路78號,1,E,"
				",2.92,"
				",100
2149,快速公路78號(虎尾交流道到雲林系統交流道),100780,快速公路78號,1,E,"
				",5.01,"
				",100
2151,快速公路78號(雲林系統交流道到斗南交流道),100780,快速公路78號,1,E,"
				",2.145,"
				",100
2153,快速公路78號(斗南交流道到古坑交流道),100780,快速公路78號,1,E,"
				",6.795,"
				",100
2155,快速公路78號(古坑交流道到古坑系統交流道),100780,快速公路78號,1,E,"
				",4.15,"
				",100
2142,快速公路78號(東勢交流道到台西交流道),100780,快速公路78號,1,W,"
				",8.04,"
				",100
2146,快速公路78號(元長交流道到東勢交流道),100780,快速公路78號,1,W,"
				",7.19,"
				",100
2244,快速公路78號(土庫交流道到元長交流道),100780,快速公路78號,1,W,"
				",7.27,"
				",100
2148,快速公路78號(虎尾交流道到土庫交流道),100780,快速公路78號,1,W,"
				",2.92,"
				",100
2150,快速公路78號(雲林系統交流道到虎尾交流道),100780,快速公路78號,1,W,"
				",5.01,"
				",100
2152,快速公路78號(斗南交流道到雲林系統交流道),100780,快速公路78號,1,W,"
				",2.145,"
				",100
2154,快速公路78號(古坑交流道到斗南交流道),100780,快速公路78號,1,W,"
				",6.795,"
				",100
2156,快速公路78號(古坑系統交流道到古坑交流道),100780,快速公路78號,1,W,"
				",4.15,"
				",100
2157,快速公路82號(東石交流道到朴子交流道),100820,快速公路82號,1,E,"
				",10.15,"
				",70
2163,快速公路82號(朴子交流道到祥和交流道),100820,快速公路82號,1,E,"
				",4.235,"
				",100
2165,快速公路82號(祥和交流道到鹿草交流道),100820,快速公路82號,1,E,"
				",4.235,"
				",100
2167,快速公路82號(鹿草交流道到嘉義系統交流道),100820,快速公路82號,1,E,"
				",3.915,"
				",100
2169,快速公路82號(嘉義系統交流道到水上交流道),100820,快速公路82號,1,E,"
				",3.355,"
				",100
2171,快速公路82號(水上交流道到中和交流道),100820,快速公路82號,1,E,"
				",4.68,"
				",100
2173,快速公路82號(中和交流道到嘉義交流道),100820,快速公路82號,1,E,"
				",2.13,"
				",100
2175,快速公路82號(嘉義交流道到水上系統交流道),100820,快速公路82號,1,E,"
				",2.04,"
				",100
2158,快速公路82號(朴子交流道到東石交流道),100820,快速公路82號,1,W,"
				",10.15,"
				",70
2164,快速公路82號(祥和交流道到朴子交流道),100820,快速公路82號,1,W,"
				",4.235,"
				",100
2166,快速公路82號(鹿草交流道到祥和交流道),100820,快速公路82號,1,W,"
				",4.235,"
				",100
2168,快速公路82號(嘉義系統交流道到鹿草交流道),100820,快速公路82號,1,W,"
				",3.915,"
				",100
2170,快速公路82號(水上交流道到嘉義系統交流道),100820,快速公路82號,1,W,"
				",3.355,"
				",100
2172,快速公路82號(中和交流道到水上交流道),100820,快速公路82號,1,W,"
				",4.68,"
				",100
2174,快速公路82號(嘉義交流道到中和交流道),100820,快速公路82號,1,W,"
				",2.13,"
				",100
2176,快速公路82號(水上系統交流道到嘉義交流道),100820,快速公路82號,1,W,"
				",2.04,"
				",100
2179,快速公路84號(北門交流道到學甲交流道),100840,快速公路84號,1,E,"
				",8.64,"
				",100
2185,快速公路84號(學甲交流道到下營系統交流道),100840,快速公路84號,1,E,"
				",5.341,"
				",100
2187,快速公路84號(下營系統交流道到麻豆交流道),100840,快速公路84號,1,E,"
				",3.619,"
				",100
2189,快速公路84號(麻豆交流道到西庄交流道),100840,快速公路84號,1,E,"
				",3.583,"
				",100
2191,快速公路84號(西庄交流道到渡頭交流道),100840,快速公路84號,1,E,"
				",5.279,"
				",100
2193,快速公路84號(渡頭交流道到官田系統交流道),100840,快速公路84號,1,E,"
				",1.326,"
				",100
2195,快速公路84號(官田系統交流道到頭社交流道),100840,快速公路84號,1,E,"
				",4.699,"
				",100
2197,快速公路84號(頭社交流道到二溪交流道),100840,快速公路84號,1,E,"
				",2.719,"
				",90
2199,快速公路84號(二溪交流道到玉井端),100840,快速公路84號,1,E,"
				",6.574,"
				",70
2180,快速公路84號(學甲交流道到北門交流道),100840,快速公路84號,1,W,"
				",8.64,"
				",100
2186,快速公路84號(下營系統交流道到學甲交流道),100840,快速公路84號,1,W,"
				",5.341,"
				",100
2188,快速公路84號(麻豆交流道到下營系統交流道),100840,快速公路84號,1,W,"
				",3.619,"
				",100
2190,快速公路84號(西庄交流道到麻豆交流道),100840,快速公路84號,1,W,"
				",3.583,"
				",100
2192,快速公路84號(渡頭交流道到西庄交流道),100840,快速公路84號,1,W,"
				",5.279,"
				",100
2194,快速公路84號(官田系統交流道到渡頭交流道),100840,快速公路84號,1,W,"
				",1.326,"
				",100
2196,快速公路84號(頭社交流道到官田系統交流道),100840,快速公路84號,1,W,"
				",4.699,"
				",100
2198,快速公路84號(二溪交流道到頭社交流道),100840,快速公路84號,1,W,"
				",2.719,"
				",90
2200,快速公路84號(玉井端到二溪交流道),100840,快速公路84號,1,W,"
				",6.574,"
				",70
2203,快速公路86號(台南端到灣裡交流道),100860,快速公路86號,1,E,"
				",2,"
				",90
2205,快速公路86號(灣裡交流道到台南交流道),100860,快速公路86號,1,E,"
				",3.31,"
				",90
2207,快速公路86號(台南交流道到仁德系統交流道),100860,快速公路86號,1,E,"
				",3.43,"
				",90
2209,快速公路86號(仁德系統交流道到上崙交流道),100860,快速公路86號,1,E,"
				",1.52,"
				",90
2211,快速公路86號(上崙交流道到大潭交流道),100860,快速公路86號,1,E,"
				",1.54,"
				",90
2213,快速公路86號(大潭交流道到歸仁交流道),100860,快速公路86號,1,E,"
				",5.1,"
				",90
2215,快速公路86號(歸仁交流道到台19甲交流道),100860,快速公路86號,1,E,"
				",2,"
				",70
2217,快速公路86號(台19甲交流道到關廟交流道),100860,快速公路86號,1,E,"
				",1.1,"
				",70
2204,快速公路86號(灣裡交流道到台南端),100860,快速公路86號,1,W,"
				",2,"
				",90
2206,快速公路86號(台南交流道到灣裡交流道),100860,快速公路86號,1,W,"
				",3.31,"
				",90
2208,快速公路86號(仁德系統交流道到台南交流道),100860,快速公路86號,1,W,"
				",3.43,"
				",90
2210,快速公路86號(上崙交流道到仁德系統交流道),100860,快速公路86號,1,W,"
				",1.52,"
				",90
2212,快速公路86號(大潭交流道到上崙交流道),100860,快速公路86號,1,W,"
				",1.54,"
				",90
2214,快速公路86號(歸仁交流道到大潭交流道),100860,快速公路86號,1,W,"
				",5.1,"
				",90
2216,快速公路86號(台19甲交流道到歸仁交流道),100860,快速公路86號,1,W,"
				",2,"
				",90
2218,快速公路86號(關廟交流道到台19甲交流道),100860,快速公路86號,1,W,"
				",1.1,"
				",70
2221,快速公路88號(五甲系統交流道到鳳山交流道),100880,快速公路88號,1,E,"
				",2.2,"
				",90
2223,快速公路88號(鳳山交流道到大寮交流道),100880,快速公路88號,1,E,"
				",4.825,"
				",90
2225,快速公路88號(大寮交流道到大發交流道),100880,快速公路88號,1,E,"
				",2.655,"
				",90
2227,快速公路88號(大發交流道到萬丹交流道),100880,快速公路88號,1,E,"
				",6.12,"
				",90
2229,快速公路88號(萬丹交流道到竹田系統交流道),100880,快速公路88號,1,E,"
				",5.35,"
				",90
2233,快速公路88號(竹田系統交流道到竹田端),100880,快速公路88號,1,E,"
				",1.35,"
				",90
2222,快速公路88號(鳳山交流道到五甲系統交流道),100880,快速公路88號,1,W,"
				",2.2,"
				",90
2224,快速公路88號(大寮交流道到鳳山交流道),100880,快速公路88號,1,W,"
				",4.825,"
				",90
2226,快速公路88號(大發交流道到大寮交流道),100880,快速公路88號,1,W,"
				",2.655,"
				",90
2228,快速公路88號(萬丹交流道到大發交流道),100880,快速公路88號,1,W,"
				",6.12,"
				",90
2230,快速公路88號(竹田系統交流道到萬丹交流道),100880,快速公路88號,1,W,"
				",5.35,"
				",90
2234,快速公路88號(竹田端到竹田系統交流道),100880,快速公路88號,1,W,"
				",1.35,"
				",90
